{
  "v": "5.7.6",
  "fr": 30,
  "ip": 0,
  "op": 60,
  "w": 100,
  "h": 100,
  "nm": "loader-simple",
  "ddd": 0,
  "assets": [],
  "layers": [
    {
      "ddd": 0,
      "ind": 1,
      "ty": 4,
      "nm": "circle",
      "sr": 1,
      "ks": {
        "o": { "a": 0, "k": 100 },
        "r": { "a": 0, "k": 0 },
        "p": { "a": 0, "k": [50, 50, 0] },
        "a": { "a": 0, "k": [0, 0, 0] },
        "s": {
          "a": 1,
          "k": [
            { "t": 0, "s": [0, 0, 100] },
            { "t": 30, "s": [120, 120, 100] },
            { "t": 60, "s": [100, 100, 100] }
          ]
        }
      },
      "shapes": [
        {
          "ty": "el",
          "p": { "a": 0, "k": [0, 0] },
          "s": { "a": 0, "k": [60, 60] },
          "nm": "ellipse"
        },
        {
          "ty": "st",
          "c": { "a": 0, "k": [0.376, 0.651, 0.98, 1] },
          "o": { "a": 0, "k": 100 },
          "w": { "a": 0, "k": 8 },
          "lc": 1,
          "lj": 1,
          "nm": "stroke"
        }
      ],
      "ao": 0,
      "ip": 0,
      "op": 99999,
      "st": 0,
      "bm": 0
    }
  ]
}
